{
  "importData": {
    "SYR": 0.031746031746031744,
    "VIR": 0.015873015873015872,
    "IND": 0.047619047619047616,
    "ZAF": 0.031746031746031744,
    "ATG": 0.015873015873015872,
    "VEN": 0.015873015873015872,
    "BRA": 0.015873015873015872,
    "PHL": 0.015873015873015872,
    "BGD": 0.015873015873015872,
    "DMA": 0.015873015873015872,
    "PER": 0.015873015873015872,
    "UKR": 0.06349206349206349,
    "DEU": 0.015873015873015872,
    "HTI": 0.015873015873015872,
    "ISR": 0.07936507936507936,
    "JAM": 0.015873015873015872,
    "PSE": 0.07936507936507936,
    "PAK": 0.047619047619047616,
    "CAN": 0.031746031746031744,
    "DOM": 0.015873015873015872,
    "VCT": 0.015873015873015872,
    "AFG": 0.015873015873015872,
    "LCA": 0.015873015873015872,
    "GRD": 0.015873015873015872,
    "CHN": 0.047619047619047616,
    "FRA": 0.031746031746031744,
    "ARG": 0.015873015873015872,
    "BHS": 0.015873015873015872,
    "SAU": 0.047619047619047616,
    "PRI": 0.015873015873015872,
    "STP": 0.015873015873015872,
    "IRN": 0.015873015873015872,
    "RUS": 0.031746031746031744,
    "TTO": 0.015873015873015872,
    "KNA": 0.015873015873015872,
    "BRB": 0.015873015873015872,
    "PNG": 0.031746031746031744,
    "CUB": 0.015873015873015872
  },
  "exportData": {
    "USA": 1.0
  },
  "nerData": {
    "SYR": 0.025,
    "VIR": 0.025,
    "IND": 0.05,
    "ZAF": 0.05,
    "ATG": 0.025,
    "BRA": 0.025,
    "DMA": 0.025,
    "UKR": 0.05,
    "HTI": 0.025,
    "ISR": 0.025,
    "JAM": 0.025,
    "PSE": 0.025,
    "PAK": 0.05,
    "CAN": 0.05,
    "DOM": 0.025,
    "VCT": 0.025,
    "AFG": 0.025,
    "LCA": 0.025,
    "GRD": 0.025,
    "CHN": 0.025,
    "BHS": 0.025,
    "USA": 0.05,
    "SAU": 0.075,
    "PRI": 0.025,
    "RUS": 0.05,
    "TTO": 0.025,
    "KNA": 0.025,
    "BRB": 0.025,
    "PNG": 0.05,
    "CUB": 0.025
  },
  "TopEntitiesByCountry": {
    "SYR": [
      {
        "entity": "Saudi",
        "count": 2,
        "share": 0.5
      },
      {
        "entity": "Alien Enemies Act",
        "count": 1,
        "share": 0.25
      },
      {
        "entity": "Trump",
        "count": 1,
        "share": 0.25
      }
    ],
    "VEN": [
      {
        "entity": "Alien Enemies Act",
        "count": 1,
        "share": 0.5
      },
      {
        "entity": "Saudi",
        "count": 1,
        "share": 0.5
      }
    ],
    "PSE": [
      {
        "entity": "Hamas",
        "count": 3,
        "share": 0.2727272727272727
      },
      {
        "entity": "Edan Alexander",
        "count": 2,
        "share": 0.18181818181818182
      },
      {
        "entity": "American",
        "count": 2,
        "share": 0.18181818181818182
      },
      {
        "entity": "Muhammad Sinwar",
        "count": 1,
        "share": 0.09090909090909091
      },
      {
        "entity": "Trump",
        "count": 1,
        "share": 0.09090909090909091
      },
      {
        "entity": "Pope Leo Xiv",
        "count": 1,
        "share": 0.09090909090909091
      },
      {
        "entity": "Francis",
        "count": 1,
        "share": 0.09090909090909091
      }
    ],
    "ISR": [
      {
        "entity": "Hamas",
        "count": 3,
        "share": 0.3333333333333333
      },
      {
        "entity": "Edan Alexander",
        "count": 2,
        "share": 0.2222222222222222
      },
      {
        "entity": "American",
        "count": 2,
        "share": 0.2222222222222222
      },
      {
        "entity": "Muhammad Sinwar",
        "count": 1,
        "share": 0.1111111111111111
      },
      {
        "entity": "Trump",
        "count": 1,
        "share": 0.1111111111111111
      }
    ],
    "USA": [
      {
        "entity": "Trump",
        "count": 2,
        "share": 0.5
      },
      {
        "entity": "Afrikaners",
        "count": 1,
        "share": 0.25
      },
      {
        "entity": "Saudi",
        "count": 1,
        "share": 0.25
      }
    ],
    "UKR": [
      {
        "entity": "Trump",
        "count": 2,
        "share": 0.18181818181818182
      },
      {
        "entity": "Pope Leo Xiv",
        "count": 2,
        "share": 0.18181818181818182
      },
      {
        "entity": "Zelensky",
        "count": 1,
        "share": 0.09090909090909091
      },
      {
        "entity": "Putin",
        "count": 1,
        "share": 0.09090909090909091
      },
      {
        "entity": "Volodymyr Zelensky",
        "count": 1,
        "share": 0.09090909090909091
      },
      {
        "entity": "Vladimir V",
        "count": 1,
        "share": 0.09090909090909091
      },
      {
        "entity": "European",
        "count": 1,
        "share": 0.09090909090909091
      },
      {
        "entity": "Leo",
        "count": 1,
        "share": 0.09090909090909091
      },
      {
        "entity": "Francis",
        "count": 1,
        "share": 0.09090909090909091
      }
    ],
    "RUS": [
      {
        "entity": "Trump",
        "count": 2,
        "share": 0.2857142857142857
      },
      {
        "entity": "Zelensky",
        "count": 1,
        "share": 0.14285714285714285
      },
      {
        "entity": "Putin",
        "count": 1,
        "share": 0.14285714285714285
      },
      {
        "entity": "Volodymyr Zelensky",
        "count": 1,
        "share": 0.14285714285714285
      },
      {
        "entity": "Vladimir V",
        "count": 1,
        "share": 0.14285714285714285
      },
      {
        "entity": "European",
        "count": 1,
        "share": 0.14285714285714285
      }
    ],
    "CAN": [
      {
        "entity": "Trump",
        "count": 2,
        "share": 0.6666666666666666
      },
      {
        "entity": "Honda",
        "count": 1,
        "share": 0.3333333333333333
      }
    ],
    "DEU": [
      {
        "entity": "Far",
        "count": 1,
        "share": 0.3333333333333333
      },
      {
        "entity": "Right",
        "count": 1,
        "share": 0.3333333333333333
      },
      {
        "entity": "German",
        "count": 1,
        "share": 0.3333333333333333
      }
    ],
    "FRA": [
      {
        "entity": "Kim Kardashian",
        "count": 1,
        "share": 1.0
      }
    ],
    "SAU": [
      {
        "entity": "Trump",
        "count": 3,
        "share": 0.5
      },
      {
        "entity": "Saudi",
        "count": 2,
        "share": 0.3333333333333333
      },
      {
        "entity": "Middle East Tour",
        "count": 1,
        "share": 0.16666666666666666
      }
    ],
    "CHN": [
      {
        "entity": "Lu",
        "count": 1,
        "share": 0.2
      },
      {
        "entity": "Trump",
        "count": 1,
        "share": 0.2
      },
      {
        "entity": "Luiz In\u00e1cio Lula Da Silva",
        "count": 1,
        "share": 0.2
      },
      {
        "entity": "Xi Jinping",
        "count": 1,
        "share": 0.2
      },
      {
        "entity": "Latin American",
        "count": 1,
        "share": 0.2
      }
    ],
    "IRN": [
      {
        "entity": "American",
        "count": 1,
        "share": 1.0
      }
    ],
    "PAK": [
      {
        "entity": "Trump",
        "count": 2,
        "share": 1.0
      }
    ],
    "IND": [
      {
        "entity": "Trump",
        "count": 2,
        "share": 1.0
      }
    ],
    "ZAF": [
      {
        "entity": "Trump",
        "count": 2,
        "share": 1.0
      }
    ],
    "AFG": [
      {
        "entity": "Trump",
        "count": 1,
        "share": 1.0
      }
    ],
    "ARG": [
      {
        "entity": "Nazi",
        "count": 1,
        "share": 0.5
      },
      {
        "entity": "World War II",
        "count": 1,
        "share": 0.5
      }
    ],
    "PNG": [
      {
        "entity": "Trump",
        "count": 2,
        "share": 0.6666666666666666
      },
      {
        "entity": "Saudi",
        "count": 1,
        "share": 0.3333333333333333
      }
    ],
    "PER": [
      {
        "entity": "Pope",